insert into student (id, name, groups_id) values (1, 'Sergey Morozov', 1);
insert into student (id, name, groups_id) values (2, 'Nicolay Victorov', 3);
insert into student (id, name, groups_id) values (3, 'Grigoriy Vetrov', 3);
insert into student (id, name, groups_id) values (4, 'Maxim Volkov', 1);
insert into student (id, name, groups_id) values (5, 'Denis Moschniy', 1);
insert into student (id, name, groups_id) values (6, 'Evgeniy Rogozinnikov', 1);
insert into student (id, name, groups_id) values (7, 'Natalia Lebedeva', 2);
insert into student (id, name, groups_id) values (8, 'Kim Chin In', 3);
insert into student (id, name, groups_id) values (9, 'Aidar Dockerov', 1);
insert into student (id, name, groups_id) values (10, 'Boris Vazhniy', 2);
insert into student (id, name, groups_id) values (11, 'Mentalitet Russkiy', 3);
insert into student (id, name, groups_id) values (12, 'Glad Valakas', 3);
insert into student (id, name, groups_id) values (13, 'Georgiy Losev', 2);
insert into student (id, name, groups_id) values (14, 'Sergey Nizhegorodskiy', 2);
insert into student (id, name, groups_id) values (15, 'Baza Dannih', 2);

insert into course (id, name) values (1, 'Kurs Java');
insert into course (id, name) values (2, 'RZiA');
insert into course (id, name) values (3, 'Vich. Complex');
insert into course (id, name) values (4, 'Automatika ES');
insert into course (id, name) values (5, 'IEC 61850');

insert into grade (id, grade) values (1, 0);
insert into grade (id, grade) values (2, 2);
insert into grade (id, grade) values (3, 3);
insert into grade (id, grade) values (4, 4);
insert into grade (id, grade) values (5, 5);

insert into groups (id, name) values (1, 'E-13-24');
insert into groups (id, name) values (2, 'E-12-24');
insert into groups (id, name) values (3, 'E-14-24');

insert into student_course_grade (student_id, course_id, grade_id) values (1, 1, 5);
insert into student_course_grade (student_id, course_id, grade_id) values (1, 2, 5);
insert into student_course_grade (student_id, course_id, grade_id) values (2, 2, 4);
insert into student_course_grade (student_id, course_id, grade_id) values (2, 3, 3);
insert into student_course_grade (student_id, course_id, grade_id) values (3, 1, 4);
insert into student_course_grade (student_id, course_id, grade_id) values (3, 5, 4);
insert into student_course_grade (student_id, course_id, grade_id) values (4, 1, 4);
insert into student_course_grade (student_id, course_id, grade_id) values (4, 4, 5);
insert into student_course_grade (student_id, course_id, grade_id) values (5, 1, 5);
insert into student_course_grade (student_id, course_id, grade_id) values (5, 2, 5);
insert into student_course_grade (student_id, course_id, grade_id) values (6, 1, 5);
insert into student_course_grade (student_id, course_id, grade_id) values (6, 2, 5);
insert into student_course_grade (student_id, course_id, grade_id) values (7, 3, 4);
insert into student_course_grade (student_id, course_id, grade_id) values (7, 5, 4);
insert into student_course_grade (student_id, course_id, grade_id) values (8, 1, 2);
insert into student_course_grade (student_id, course_id, grade_id) values (8, 3, 3);
insert into student_course_grade (student_id, course_id, grade_id) values (9, 1, 5);
insert into student_course_grade (student_id, course_id, grade_id) values (9, 2, 5);
insert into student_course_grade (student_id, course_id, grade_id) values (10, 2, 4);
insert into student_course_grade (student_id, course_id, grade_id) values (10, 3, 4);
insert into student_course_grade (student_id, course_id, grade_id) values (11, 4, 5);
insert into student_course_grade (student_id, course_id, grade_id) values (11, 5, 5);
insert into student_course_grade (student_id, course_id, grade_id) values (12, 4, 1);
insert into student_course_grade (student_id, course_id, grade_id) values (12, 5, 2);
insert into student_course_grade (student_id, course_id, grade_id) values (13, 3, 3);
insert into student_course_grade (student_id, course_id, grade_id) values (13, 4, 5);
insert into student_course_grade (student_id, course_id, grade_id) values (14, 1, 5);
insert into student_course_grade (student_id, course_id, grade_id) values (14, 2, 5);
insert into student_course_grade (student_id, course_id, grade_id) values (15, 4, 1);
insert into student_course_grade (student_id, course_id, grade_id) values (15, 5, 1);

